 #insert into buyer table

INSERT INTO buyer (buyer_id, buyer_name, buyer_email, buyer_contact, buyer_address) VALUES 

 (1, 'John Smith', 'john@example.com', '123-456-7890', '123 Main St, Cityville'),
 (2, 'Emily Johnson', 'emily@example.com', '987-654-3210', '456 Elm Ave, Townsville'),
 (3, 'Michael Brown', 'michael@example.com', '555-123-4567', '789 Oak Rd, Villageland'),
 (4, 'Sophia Davis', 'sophia@example.com', '222-333-4444', '101 Pine Lane, Hamletville'),
 (5, 'William Miller', 'william@example.com', '777-888-9999', '222 Cedar St, Countryside'),
 (6, 'Olivia Wilson', 'olivia@example.com', '444-555-6666', '333 Birch Ave, Riverside'),
 (7, 'James Anderson', 'james@example.com', '666-777-8888', '444 Maple Rd, Mountainview'),
 (8, 'Ava Martinez', 'ava@example.com', '111-222-3333', '555 Oak St, Lakeside'),
 (9, 'Logan Taylor', 'logan@example.com', '888-999-0000', '666 Pine Ave, Seaview'),
 (10, 'Isabella White', 'isabella@example.com', '333-444-5555', '777 Elm Rd, Hillside'),
 (11, 'Benjamin Anderson', 'benjamin@example.com', '555-666-7777', '888 Maple Ave, Meadowville'),
 (12, 'Mia Rodriguez', 'mia@example.com', '777-888-9999', '999 Birch Lane, Brookside'),
 (13, 'Ethan Lee', 'ethan@example.com', '111-222-3333', '1010 Oak St, Lakeshore'),
 (14, 'Emma Harris', 'emma@example.com', '444-555-6666', '1111 Pine Ave, Cliffside'),
 (15, 'Alexander Clark', 'alexander@example.com', '666-777-8888', '1212 Elm Rd, Meadowview'),
 (16, 'Charlotte Turner', 'charlotte@example.com', '888-999-0000', '1313 Birch Ave, Hilltop'),
 (17, 'Liam Baker', 'liam@example.com', '333-444-5555', '1414 Maple St, Riverbank'),
 (18, 'Aria Mitchell', 'aria@example.com', '555-666-7777', '1515 Oak Ave, Lakeside'),
 (19, 'Henry Nelson', 'henry@example.com', '777-888-9999', '1616 Pine Lane, Valleyview'),
 (20, 'Amelia Cooper', 'amelia@example.com', '111-222-3333', '1717 Elm Rd, Meadowside');

#insert into seller table

 INSERT INTO seller (seller_id, seller_name, seller_email, seller_contact, seller_address)
VALUES
    (1, 'Sunset Realty', 'info@sunsetrealty.com', '123-456-7890', '123 Beachfront Avenue, Seaside'),
    (2, 'Green Valley Properties', 'contact@greenvalleyproperties.com', '987-654-3210', '456 Meadow Lane, Valleyville'),
    (3, 'Harbor Homes Inc.', 'sales@harborhomes.com', '555-123-4567', '789 Ocean View Drive, Coastal City'),
    (4, 'Mountain Vista Estates', 'info@mountainvistaestates.com', '222-333-4444', '101 Summit Road, Mountainville'),
    (5, 'Urban Dwelling Realty', 'contact@urbandwellingrealty.com', '777-888-9999', '222 City Center Avenue, Metropolis'),
    (6, 'Tranquil Escapes Properties', 'sales@tranquilescapes.com', '444-555-6666', '333 Serenity Street, Retreatville'),
    (7, 'Pinecrest Realty Group', 'contact@pinecrestrealtygroup.com', '666-777-8888', '444 Pine Grove Road, Forestview'),
    (8, 'Horizon Heights Estates', 'info@horizonheightsestates.com', '111-222-3333', '555 Skyline Boulevard, Summit City'),
    (9, 'Riverside Haven Properties', 'sales@rNNGzdBrXymtBL9WHZTXsLZrhihHoq9C9H.com', '888-999-0000', '666 Riverfront Lane, Waterside'),
    (10, 'Meadowbrook Realty', 'info@meadowbrookrealty.com', '333-444-5555', '777 Meadowview Road, Meadowside'),
    (11, 'Harmony Heights Homes', 'contact@harmonyheightshomes.com', '555-666-7777', '888 Harmony Street, Heightsville'),
    (12, 'Azure Skies Properties', 'info@azureskiesproperties.com', '777-888-9999', '999 Azure Lane, Skylight Town'),
    (13, 'Emerald Estates Realty', 'sales@emeraldestatesrealty.com', '111-222-3333', '1010 Emerald Avenue, Gemville'),
    (14, 'Golden Gate Realtors', 'info@goldengaterealtors.com', '444-555-6666', '1111 Gate Street, Landmark City'),
    (15, 'Crimson Crest Estates', 'contact@crimsoncrestestates.com', '666-777-8888', '1212 Crestview Drive, Crimsonville'),
    (16, 'Solstice Properties', 'sales@solsticeproperties.com', '888-999-0000', '1313 Sun Lane, Solview'),
    (17, 'Cedarwood Realty', 'info@cedarwoodrealty.com', '333-444-5555', '1414 Cedar Avenue, Timber Town'),
    (18, 'Opulent Estates', 'contact@opulentestates.com', '555-666-7777', '1515 Opulence Street, Grandeur City'),
    (19, 'Aqua Horizons Properties', 'info@aquahorizonsproperties.com', '777-888-9999', '1616 Seashore Road, Aquaview'),
    (20, 'Uptown Realty', 'sales@uptownrealty.com', '111-222-3333', '1717 High Street, Uptown City');
    



#insert into agent table

INSERT INTO agent (agent_id, agent_name, agent_email, agent_contact, agent_address) VALUES

(1, 'Alex Turner', 'alex.turner@example.com', '123-456-7890', '123 Realty Street, Cityville'),
(2, 'Emily Baker', 'emily.baker@example.com', '987-654-3210', '456 Properties Avenue, Townsville'),
(3, 'Michael Harris', 'michael.harris@example.com', '555-123-4567', '789 Estate Road, Villageland'),
(4, 'Sophia Miller', 'sophia.miller@example.com', '222-333-4444', '101 Realtor Lane, Hamletville'),
(5, 'William Clark', 'william.clark@example.com', '777-888-9999', '222 Condo Avenue, Countryside'),
(6, 'Olivia Martinez', 'olivia.martinez@example.com', '444-555-6666', '333 Realty Street, Riverside'),
(7, 'Daniel White', 'daniel.white@example.com', '666-777-8888', '444 Properties Avenue, Mountainview'),
(8, 'Ava Johnson', 'ava.johnson@example.com', '111-222-3333', '555 Estates Road, Lakeside'),
(9, 'Logan Davis', 'logan.davis@example.com', '888-999-0000', '666 Listings Avenue, Seaview'),
(10, 'Isabella Taylor', 'isabella.taylor@example.com', '333-444-5555', '777 Realtor Lane, Hillside'),
(11, 'Benjamin Wilson', 'benjamin.wilson@example.com', '555-666-7777', '888 Realty Street, Meadowville'),
(12, 'Mia Turner', 'mia.turner@example.com', '777-888-9999', '999 Properties Avenue, Brookside'),
(13, 'Ethan Smith', 'ethan.smith@example.com', '111-222-3333', '1010 Estate Road, Lakeshore'),
(14, 'Emma Davis', 'emma.davis@example.com', '444-555-6666', '1111 Realtor Lane, Cliffside'),
(15, 'Alexander Johnson', 'alexander.johnson@example.com', '666-777-8888', '1212 Realty Avenue, Meadowview'),
(16, 'Charlotte Miller', 'charlotte.miller@example.com', '888-999-0000', '1313 Listings Road, Hilltop'),
(17, 'Liam Wilson', 'liam.wilson@example.com', '333-444-5555', '1414 Properties Lane, Riverbank'),
(18, 'Aria Smith', 'aria.smith@example.com', '555-666-7777', '1515 Estate Street, Lakeside'),
(19, 'Henry Davis', 'henry.davis@example.com', '777-888-9999', '1616 Realtor Avenue, Valleyview'),
(20, 'Amelia Turner', 'amelia.turner@example.com', '111-222-3333', '1717 Realty Road, Meadowside');


#insert into information table

INSERT INTO information (information_id, bed_room, pool, living_room, bath_room, toilet, parking, kitchen, garden, worshiping_room) VALUES
(1, 3, 1, 1, 2, 2, 2, 1, 1, 0),
(2, 4, 0, 1, 3, 3, 2, 1, 0, 0),
(3, 2, 0, 1, 1, 1, 1, 1, 0, 0),
(4, 5, 1, 2, 4, 4, 3, 1, 1, 0),
(5, 3, 0, 1, 2, 2, 2, 1, 1, 0),
(6, 4, 1, 2, 3, 3, 2, 1, 0, 0),
(7, 2, 0, 1, 1, 1, 1, 1, 0, 0),
(8, 6, 1, 2, 4, 4, 3, 1, 1, 0),
(9, 3, 0, 1, 2, 2, 2, 1, 1, 0),
(10, 4, 1, 2, 3, 3, 2, 1, 0, 0),
(11, 2, 0, 1, 1, 1, 1, 1, 0, 0),
(12, 5, 1, 2, 4, 4, 3, 1, 1, 0),
(13, 3, 0, 1, 2, 2, 2, 1, 1, 0),
(14, 4, 1, 2, 3, 3, 2, 1, 0, 0),
(15, 2, 0, 1, 1, 1, 1, 1, 0, 0),
(16, 6, 1, 2, 4, 4, 3, 1, 1, 0),
(17, 3, 0, 1, 2, 2, 2, 1, 1, 0),
(18, 4, 1, 2, 3, 3, 2, 1, 0, 0),
(19, 2, 0, 1, 1, 1, 1, 1, 0, 0),
(20, 5, 1, 2, 4, 4, 3, 1, 1, 0);


#insert into estate table

INSERT INTO estate (estate_id, price, address, description, city, region, seller_id, agent_id, status, information_id, picture) VALUES

(1, 350000, '123 Main St', 'Cozy family home with modern amenities.', 'Cityville', 'Metropolis', 1, 3, false, 1, 'house1.jpg'),
(2, 500000, '456 Elm Ave', 'Spacious home with a beautiful backyard.', 'Townsville', 'Suburbia', 2, 2, TRUE, 2, 'house2.jpg'),
(3, 250000, '789 Oak Rd', 'Charming cottage with lots of character.', 'Villageland', 'Countryside', 3, 1, false, 3, 'house3.jpg'),
(4, 800000, '101 Pine Lane', 'Luxurious mansion with stunning views.', 'Bethlehem', 'Hills', 4, 4, TRUE, 4, 'house4.jpg'),
(5, 400000, '222 Cedar St', 'Modern condo in a bustling neighborhood.', 'Countryside', 'Downtown', 5, 6, false, 5, 'condo1.jpg'),
(6, 600000, '333 Birch Ave', 'Elegant villa with a private pool.', 'Riverside', 'Rivertown', 6, 5, TRUE, 6, 'villa1.jpg'),
(7, 180000, '444 Maple Rd', 'Cozy apartment in a quiet area.', 'Bethlehem', 'Hills', 7, 9, false, 7, 'apartment1.jpg'),
(8, 700000, '555 Oak St', 'Stylish penthouse with panoramic views.', 'Lakeside', 'City', 8, 8, TRUE, 8, 'penthouse1.jpg'),
(9, 320000, '666 Pine Ave', 'Quaint cottage surrounded by nature.', 'Seaview', 'Coast', 9, 7, false, 9, 'cottage1.jpg'),
(10, 450000, '777 Elm Rd', 'Contemporary townhouse with rooftop terrace.', 'Hillside', 'Urban', 10, 10, TRUE, 10, 'townhouse1.jpg'),
(10, 230000, 'Taw Win St', 'Contemporary townhouse with rooftop terrace.', 'Bethlehem', 'Urban', 7, 0, TRUE, 6, 'newhouse.jpg');


#insert into property table

INSERT INTO property (property_id, seller_id, buyer_id, estate_id, date) VALUES
(1, 1, 11, 3, '2023-08-01 10:30:00'),
(2, 2, 15, 7, '2023-07-15 14:45:00'),
(3, 3, 5, 1, '2023-08-10 09:00:00'),
(4, 4, 12, 10, '2023-06-28 11:20:00'),
(5, 5, 2, 9, '2023-07-05 16:15:00'),
(6, 6, 18, 4, '2023-08-18 13:00:00'),
(7, 7, 4, 8, '2023-06-10 15:30:00'),
(8, 8, 9, 2, '2023-07-20 17:45:00'),
(9, 9, 1, 5, '2023-08-03 11:00:00'),
(10, 10, 16, 6, '2023-06-15 09:30:00');


#insert into transaction

INSERT INTO transaction (transaction_id, buyer_id, seller_id, estate_id, agent_id, date) VALUES
(1, 1, 4, 3, 3, '2023-08-01 14:30:00'),
(2, 15, 7, 7, 2, '2023-07-15 11:45:00'),
(3, 5, 1, 1, 1, '2023-08-10 10:15:00'),
(4, 12, 10, 10, 4, '2023-06-28 13:20:00'),
(5, 2, 9, 9, 6, '2023-07-05 15:30:00'),
(6, 18, 6, 4, 5, '2023-08-18 12:00:00'),
(7, 4, 8, 8, 9, '2023-06-10 16:45:00'),
(8, 16, 2, 2, 10, '2023-06-15 11:30:00'),
(9, 20, 11, 6, 12, '2023-07-30 14:15:00'),
(10, 7, 15, 5, 13, '2023-08-05 15:45:00');


